{"_step":200,"accuracy_validation":75.75757575757575,"validation_loss":0.6035562753677368,"accuracy":83.5820895522388,"_wandb":{"runtime":30},"architecture":[3,4,2],"_timestamp":1.7309977514439645e+09,"_runtime":30.2270523}