{"_runtime":18.8115305,"_step":100,"accuracy_validation":81.81818181818183,"validation_loss":0.48762819170951843,"accuracy":89.55223880597015,"_wandb":{"runtime":18},"architecture":[3,4,2],"_timestamp":1.7309964620248215e+09}