{"_wandb":{"runtime":14},"architecture":[3,4,2],"_timestamp":1.7309963114105647e+09,"_runtime":14.2715113,"_step":100,"accuracy_validation":78.78787878787878,"validation_loss":0.5604606866836548,"accuracy":82.83582089552239}