{"accuracy_validation":83.33333333333334,"validation_loss":0.5848404169082642,"accuracy":80.59701492537313,"_wandb":{"runtime":11},"architecture":[3,4,2],"_timestamp":1.7309937892043009e+09,"_runtime":11.4548378,"_step":100}