{"architecture":[5,4,2],"_timestamp":1.7309928110664728e+09,"accuracy_validation":42.42424242424242,"validation_loss":0.704910159111023,"accuracy":53.73134328358209,"_wandb":{"runtime":10},"_runtime":10.4029363,"_step":100}