{"_step":100,"architecture":[3,4,2],"_timestamp":1.7309962655640469e+09,"accuracy_validation":89.39393939393939,"validation_loss":0.4329359233379364,"accuracy":85.07462686567165,"_wandb":{"runtime":20},"_runtime":20.7552739}