{"accuracy_validation":86.36363636363636,"validation_loss":0.49031344056129456,"accuracy":87.31343283582089,"_wandb":{"runtime":28},"architecture":[3,4,2],"_timestamp":1.7309976759108577e+09,"_runtime":28.1880555,"_step":200}