{"_runtime":14.734189,"_step":100,"accuracy_validation":75.75757575757575,"validation_loss":0.6255743503570557,"accuracy":78.35820895522389,"_wandb":{"runtime":14},"architecture":[3,4,2],"_timestamp":1.730997575115274e+09}