{"architecture":[5,4,3],"_wandb":{"runtime":81},"_step":900,"accuracy_validation":57.99999999999999,"_timestamp":1.7310217769377902e+09,"_runtime":81.0125021,"accuracy":64,"validation_loss":0.9877002835273743,"loss":0.9738333821296692}