{"_step":100,"architecture":[3,4,2],"accuracy_validation":39.39393939393939,"validation_loss":0.6374037861824036,"accuracy":55.223880597014926,"_wandb":{"runtime":14},"_timestamp":1.7309964361293166e+09,"_runtime":14.3452357}