{"validation_loss":1.0021302700042725,"accuracy":59,"_wandb":{"runtime":38},"architecture":[5,4,3],"_timestamp":1.7309986058335555e+09,"_runtime":38.6809147,"_step":200,"accuracy_validation":60}