{"_timestamp":1.7309986874963083e+09,"_runtime":35.8924908,"_step":200,"architecture":[5,4,3],"validation_loss":1.0856068134307861,"accuracy_validation":32,"accuracy":42,"_wandb":{"runtime":35}}