{"_timestamp":1.730992474962946e+09,"accuracy_validation":32,"validation_loss":1.2313835620880127,"accuracy":34,"_wandb":{"runtime":8},"_runtime":8.8431962,"_step":40,"architecture":[5,4,3]}