{"architecture":[5,4,3],"_step":300,"_wandb":{"runtime":20},"_timestamp":1.731019658637756e+09,"validation_loss":1.050316333770752,"accuracy_validation":66,"accuracy":65,"_runtime":20.5063021,"loss":1.054885745048523}