{"_wandb":{"runtime":30},"_runtime":30.744855,"_step":100,"architecture":[5,4,2],"_timestamp":1.7309927308822346e+09,"validation_loss":0.7105045914649963,"accuracy_validation":42.42424242424242,"accuracy":53.73134328358209}