{"accuracy":88.05970149253731,"_wandb":{"runtime":22},"_timestamp":1.7309938892367935e+09,"_runtime":22.0142167,"_step":100,"architecture":[3,4,2],"accuracy_validation":84.84848484848484,"validation_loss":0.4747888445854187}