{"_timestamp":1.7309923571552315e+09,"_runtime":6.2894817,"_step":40,"accuracy_validation":42,"validation_loss":1.0199123620986938,"accuracy":47,"_wandb":{"runtime":6},"architecture":[5,4,3]}