{"_step":100,"accuracy_validation":81.81818181818183,"validation_loss":0.6080911159515381,"accuracy":79.1044776119403,"_wandb":{"runtime":15},"architecture":[5,4,2],"_timestamp":1.7309926429597392e+09,"_runtime":15.7290212}