{"loss":1,"_step":600,"accuracy_validation":32,"architecture":[5,4,3],"validation_loss":1.231438159942627,"accuracy":34,"_wandb":{"runtime":68},"_runtime":68.1717414,"_timestamp":1.7309921683614454e+09}