{"_step":100,"validation_loss":0.6175554990768433,"accuracy_validation":78.78787878787878,"accuracy":76.86567164179104,"_wandb":{"runtime":18},"architecture":[3,4,2],"_timestamp":1.7309965612388468e+09,"_runtime":18.6188957}