{"validation_loss":0.5700622797012329,"accuracy":48.507462686567166,"_wandb":{"runtime":15},"_runtime":15.7225448,"_step":100,"architecture":[3,4,2],"_timestamp":1.7309963958114936e+09,"accuracy_validation":53.03030303030303}