{"_wandb":{"runtime":37},"architecture":[5,4,3],"_timestamp":1.730998220485483e+09,"_runtime":37.1200431,"_step":200,"accuracy_validation":80,"validation_loss":0.9891101717948914,"accuracy":74}