{"_timestamp":1.7309979192165985e+09,"accuracy_validation":60,"validation_loss":0.9810053110122681,"accuracy":64,"_wandb":{"runtime":35},"_runtime":35.6479761,"_step":200,"architecture":[5,4,3]}