{"architecture":[3,4,2],"_timestamp":1.730996289546756e+09,"_runtime":18.8234819,"_step":100,"accuracy_validation":46.96969696969697,"validation_loss":0.5865073800086975,"accuracy":51.49253731343284,"_wandb":{"runtime":18}}