{"accuracy":65,"_wandb":{"runtime":16},"architecture":[5,4,3],"_timestamp":1.730992383032663e+09,"_runtime":16.7500281,"_step":100,"accuracy_validation":64,"validation_loss":0.99662184715271}