{"accuracy":35,"_wandb":{"runtime":63},"architecture":[5,4,3],"_timestamp":1.7309925616815305e+09,"_runtime":63.4934714,"_step":100,"accuracy_validation":30,"validation_loss":1.1064778566360474}