{"accuracy_validation":68.18181818181817,"validation_loss":0.6146870255470276,"accuracy":70.1492537313433,"_wandb":{"runtime":22},"architecture":[3,4,2],"_timestamp":1.7309939990141304e+09,"_runtime":22.4214024,"_step":100}