{"validation_loss":0.6596990823745728,"accuracy_validation":42.42424242424242,"accuracy":53.73134328358209,"_wandb":{"runtime":47},"architecture":[5,4,2],"_timestamp":1.7309926960727167e+09,"_runtime":47.8267407,"_step":100}