{"_runtime":37.6990874,"_step":200,"architecture":[5,4,3],"_timestamp":1.7309978374356773e+09,"accuracy_validation":57.99999999999999,"validation_loss":0.9799591302871704,"accuracy":64,"_wandb":{"runtime":37}}