{"_runtime":38.252522,"_step":200,"architecture":[5,4,3],"accuracy_validation":57.99999999999999,"validation_loss":1.062055230140686,"accuracy":57.99999999999999,"_wandb":{"runtime":38},"_timestamp":1.7309980223689642e+09}