{"architecture":[5,4,3],"accuracy_validation":66,"validation_loss":0.9471471905708313,"accuracy":66,"_wandb":{"runtime":35},"_timestamp":1.7309987292707014e+09,"_runtime":35.784014,"_step":200}