{"_runtime":38.5605518,"_step":200,"accuracy_validation":40,"validation_loss":1.083274006843567,"accuracy":45,"_wandb":{"runtime":38},"architecture":[5,4,3],"_timestamp":1.730998899625927e+09}