{"_runtime":37.5652526,"_step":200,"architecture":[5,4,3],"_timestamp":1.7309986471900988e+09,"accuracy_validation":66,"validation_loss":0.9299829006195068,"accuracy":65,"_wandb":{"runtime":37}}