{"accuracy_validation":92.42424242424242,"validation_loss":0.4247841536998749,"accuracy":89.55223880597015,"_wandb":{"runtime":51},"architecture":[3,4,2],"_timestamp":1.730993699353096e+09,"_runtime":51.116732,"_step":100}