{"_step":600,"accuracy_validation":68,"validation_loss":0.8809463977813721,"accuracy":66,"_wandb":{"runtime":44},"_timestamp":1.7309916134945366e+09,"architecture":[5,2,3],"_runtime":44.7637063,"loss":1}