{"architecture":[3,4,2],"_timestamp":1.730993723378096e+09,"_runtime":18.3015952,"_step":100,"accuracy_validation":84.84848484848484,"validation_loss":0.47079524397850037,"accuracy":87.31343283582089,"_wandb":{"runtime":18}}