{"_runtime":37.5148239,"_step":200,"accuracy_validation":66,"validation_loss":0.9308215379714966,"accuracy":65,"_wandb":{"runtime":37},"architecture":[5,4,3],"_timestamp":1.7309982727578309e+09}