{"validation_loss":0.938950777053833,"accuracy":65,"_wandb":{"runtime":37},"_runtime":37.1707775,"_step":200,"architecture":[5,4,3],"_timestamp":1.7309981163114834e+09,"accuracy_validation":66}