{"accuracy_validation":50,"validation_loss":0.5805742144584656,"accuracy":50,"_wandb":{"runtime":14},"_timestamp":1.7309964835774813e+09,"_runtime":14.1814453,"_step":100,"architecture":[3,4,2]}