{"architecture":[5,4,3],"_timestamp":1.7310197602513578e+09,"accuracy_validation":66,"validation_loss":1.039618730545044,"_step":300,"_wandb":{"runtime":22},"_runtime":22.7120266,"loss":1.04682195186615,"accuracy":65}