{"_wandb":{"runtime":28},"architecture":[3,4,2],"_timestamp":1.7309937647572358e+09,"_runtime":28.715758,"_step":100,"accuracy_validation":84.84848484848484,"validation_loss":0.4528750479221344,"accuracy":89.55223880597015}