{"_wandb":{"runtime":11},"architecture":[3,4,2],"_timestamp":1.7309938630609643e+09,"_runtime":11.6469732,"_step":100,"accuracy_validation":53.03030303030303,"validation_loss":0.5801874399185181,"accuracy":48.507462686567166}