{"accuracy_validation":62,"loss":2,"_wandb":{"runtime":54},"accuracy":64,"validation_loss":0.9131608605384827,"_timestamp":1.7309915558451362e+09,"_step":600,"_runtime":54.0450291,"architecture":[5,2,3]}