{"architecture":[3,4,2],"_timestamp":1.7309962131511576e+09,"_runtime":18.6515279,"accuracy_validation":51.515151515151516,"validation_loss":0.6187977194786072,"accuracy":49.25373134328358,"_wandb":{"runtime":18},"_step":100}