{"_step":40,"accuracy_validation":60,"validation_loss":0.9739770293235779,"accuracy":64,"_wandb":{"runtime":29},"architecture":[5,4,3],"_timestamp":1.7309924482454638e+09,"_runtime":29.1790808}