{"validation_loss":0.9673966765403748,"accuracy":65,"_wandb":{"runtime":37},"architecture":[5,4,3],"_timestamp":1.7309989508044508e+09,"_runtime":37.7893717,"_step":200,"accuracy_validation":66}