{"_wandb":{"runtime":38},"_step":200,"architecture":[5,4,3],"_timestamp":1.730998158913052e+09,"_runtime":38.1457271,"accuracy_validation":60,"validation_loss":1.0216399431228638,"accuracy":63}