{"_runtime":17.0488911,"accuracy_validation":100,"validation_loss":0.5457376837730408,"accuracy":100,"_wandb":{"runtime":17},"_step":100,"architecture":[5,4,2],"_timestamp":1.7309928492623162e+09}