{"architecture":[5,10,3],"_timestamp":1.7309914120042176e+09,"loss":1,"_step":300,"accuracy_validation":32,"_runtime":149.4451255,"_wandb":{"runtime":149},"accuracy":34,"validation_loss":1.0985695123672485}