{"accuracy":48.507462686567166,"_wandb":{"runtime":18},"architecture":[3,4,2],"_timestamp":1.7309963576873963e+09,"_runtime":18.3681064,"_step":100,"accuracy_validation":53.03030303030303,"validation_loss":0.5980136394500732}