{"_step":900,"_timestamp":1.7310221831363933e+09,"accuracy":35,"architecture":[5,4,3],"validation_loss":1.098646879196167,"_runtime":83.1711501,"loss":1.093807578086853,"_wandb":{"runtime":83},"accuracy_validation":30}