{"accuracy":52.23880597014925,"_wandb":{"runtime":13},"_runtime":13.8218858,"_step":100,"architecture":[3,4,2],"_timestamp":1.7309966038299878e+09,"accuracy_validation":45.45454545454545,"validation_loss":0.6240572929382324}