{"_timestamp":1.7310198989382987e+09,"loss":1.04426908493042,"accuracy_validation":66,"validation_loss":1.0362350940704346,"architecture":[5,4,3],"_step":300,"accuracy":65,"_wandb":{"runtime":25},"_runtime":25.1033407}