{"accuracy_validation":60,"validation_loss":1.0175187587738037,"accuracy":63,"_wandb":{"runtime":36},"architecture":[5,4,3],"_timestamp":1.7309984229709945e+09,"_runtime":35.991669,"_step":200}