{"_wandb":{"runtime":63},"accuracy":35,"validation_loss":1.2514376640319824,"architecture":[5,4,3],"accuracy_validation":30,"_runtime":63.6259122,"_step":600,"loss":1,"_timestamp":1.730991848559171e+09}