{"_wandb":{"runtime":15},"architecture":[3,4,2],"_timestamp":1.7309963340310755e+09,"_runtime":15.8530696,"_step":100,"accuracy_validation":74.24242424242425,"validation_loss":0.594820499420166,"accuracy":81.34328358208955}