{"accuracy":64,"_wandb":{"runtime":36},"_timestamp":1.730998465071886e+09,"_runtime":36.5117536,"_step":200,"architecture":[5,4,3],"accuracy_validation":64,"validation_loss":1.004783272743225}