{"accuracy":34,"_wandb":{"runtime":37},"_runtime":37.8894527,"_step":200,"architecture":[5,4,3],"_timestamp":1.7309980733444242e+09,"accuracy_validation":32,"validation_loss":1.0883867740631104}