{"_step":100,"accuracy_validation":83.33333333333334,"validation_loss":0.5652590394020081,"accuracy":76.11940298507463,"_wandb":{"runtime":18},"architecture":[3,4,2],"_timestamp":1.7309965089637902e+09,"_runtime":18.5111042}