{"_timestamp":1.7310219721604714e+09,"_runtime":83.4203545,"accuracy_validation":80,"_wandb":{"runtime":83},"validation_loss":0.7766672372817993,"architecture":[5,4,3],"accuracy":80,"_step":900,"loss":0.773597002029419}