{"_step":100,"accuracy_validation":53.03030303030303,"validation_loss":0.6920878887176514,"accuracy":48.507462686567166,"_wandb":{"runtime":18},"architecture":[3,4,2],"_timestamp":1.7309939117396545e+09,"_runtime":18.4010747}