{"_step":200,"accuracy_validation":62,"validation_loss":1.0121976137161255,"accuracy":64,"_wandb":{"runtime":37},"architecture":[5,4,3],"_timestamp":1.730998361835608e+09,"_runtime":37.5613301}