{"_step":40,"accuracy_validation":32,"validation_loss":1.231290578842163,"accuracy":34,"_wandb":{"runtime":6},"architecture":[5,4,3],"_timestamp":1.7309923941417758e+09,"_runtime":6.8383928}