{"_step":100,"accuracy_validation":86.36363636363636,"validation_loss":0.45985856652259827,"accuracy":82.83582089552239,"_wandb":{"runtime":49},"architecture":[3,4,2],"_timestamp":1.7309961866079862e+09,"_runtime":49.4841973}