{"_step":200,"architecture":[5,4,3],"_timestamp":1.7309985540678115e+09,"_runtime":38.0031137,"accuracy_validation":66,"validation_loss":0.9383093118667603,"accuracy":65,"_wandb":{"runtime":38}}