{"validation_loss":0.49529191851615906,"accuracy":82.08955223880598,"_wandb":{"runtime":14},"architecture":[3,4,2],"_timestamp":1.7309965832408354e+09,"_runtime":14.3291173,"_step":100,"accuracy_validation":83.33333333333334}