{"_timestamp":1.730993844296406e+09,"_runtime":49.8935911,"accuracy_validation":51.515151515151516,"validation_loss":0.5684162378311157,"accuracy":49.25373134328358,"_wandb":{"runtime":49},"_step":100,"architecture":[3,4,2]}