{"architecture":[5,4,3],"accuracy_validation":66,"_wandb":{"runtime":83},"validation_loss":0.8956028819084167,"_step":900,"_runtime":83.8221307,"loss":0.9023330807685852,"accuracy":66,"_timestamp":1.7310218781992466e+09}