{"architecture":[5,4,3],"_timestamp":1.730992462025144e+09,"_runtime":6.5283598000000005,"_step":40,"accuracy_validation":56.00000000000001,"validation_loss":0.9930000305175781,"accuracy":56.00000000000001,"_wandb":{"runtime":6}}