{"_wandb":{"runtime":27},"architecture":[3,4,2],"_timestamp":1.7309977165659802e+09,"_runtime":27.6605371,"_step":200,"accuracy_validation":75.75757575757575,"validation_loss":0.5913856029510498,"accuracy":74.6268656716418}