{"architecture":[5,4,3],"accuracy_validation":56.00000000000001,"validation_loss":1.0010242462158203,"accuracy":61,"_wandb":{"runtime":37},"_timestamp":1.7309983148981888e+09,"_runtime":37.9015943,"_step":200}