{"_runtime":29.4071014,"accuracy_validation":46.96969696969697,"validation_loss":0.6063767075538635,"accuracy":51.49253731343284,"_wandb":{"runtime":29},"_step":200,"architecture":[3,4,2],"_timestamp":1.7309977880883174e+09}