{"accuracy_validation":42.42424242424242,"validation_loss":0.7108145356178284,"accuracy":53.73134328358209,"_wandb":{"runtime":8},"_step":100,"architecture":[5,4,2],"_timestamp":1.7309928619578934e+09,"_runtime":8.7095194}