{"_step":200,"architecture":[5,4,3],"_timestamp":1.7309987719912791e+09,"_runtime":36.3837832,"accuracy_validation":66,"validation_loss":0.9660391211509705,"accuracy":65,"_wandb":{"runtime":36}}